date,novaculaRev,module,decl,gateOk,axiomsOk,size,consts,binderDepth,branches,directDeps,leanVersion
2026-09-16,nogit,Init,Nat.add_comm,false,true,34,7,4,1,7,4.34.0
2026-09-16,nogit,Init,Nat.le_antisymm,false,true,80,13,7,0,13,4.34.0
2026-09-16,nogit,Init,Nat.div_add_mod,false,true,58,15,2,0,15,4.34.0
2026-09-16,nogit,Init,Nat.sub_one_lt,false,true,40,10,2,0,10,4.34.0
2026-09-16,nogit,Init,List.length_append,false,true,207,24,6,1,24,4.34.0
2026-09-16,nogit,Init,List.reverse_reverse,false,true,67,10,3,0,10,4.34.0
2026-09-16,nogit,Init,Array.size_push,false,true,50,12,3,0,12,4.34.0
2026-09-16,nogit,Init,Nat.strongRecOn,false,true,41,7,5,0,7,4.34.0
2026-09-16,nogit,Fixtures,Fixtures.addComm,false,true,27,6,2,0,6,4.34.0
2026-09-16,nogit,Fixtures,Fixtures.branchy,false,true,105,18,3,1,18,4.34.0
2026-09-16,nogit,Fixtures,Fixtures.decBig,false,true,70,17,3,0,17,4.34.0
2026-09-16,nogit,Fixtures,Fixtures.natively,false,true,57,13,3,0,13,4.34.0
